id;field_name;common_field_type;common_field_id;owner_type;owner_id
1;Practical;pixel 街;18585;Executive;93285
2;山西省 Islands Berkshire;Unbranded pixel Credit;36992;granular schemas Synergized;83132
3;Plastic Kuwaiti Republic;云南省;18562;payment;1486
4;Representative;transmitter;85854;index incremental;56236
5;Licensed;Assistant Refined;8197;paradigms hack;55269
6;USB;user-facing neural;83930;Usability Account navigating;67738
7;deposit;input Peso;73818;Buckinghamshire Account and;26405
8;Towels;mission-critical web-readiness product;57381;deposit Agent;18442
9;systems Buckinghamshire;Human Central Cuban;26712;Metal virtual;74588
10;Intelligent;Mobility Solutions;6762;Investment dynamic Gibraltar;97868
