id;owner_type;owner_id;field_name;value
1;Usability;83322;input;2021-06-14
2;solutions payment;18262;Bedfordshire innovative;2021-06-13
3;withdrawal Egypt Sausages;45753;Chair;2021-06-13
4;Dollar cyan;28567;Global;2021-06-14
5;Yen 黑龙江省 1080p;46671;invoice;2021-06-13
6;浙江省 Netherlands;5249;empower orchestrate;2021-06-14
7;communities Real withdrawal;87244;栋 real-time;2021-06-13
8;巷;36879;synergistic 新疆 blue;2021-06-13
9;宁夏 Factors;68981;system program payment;2021-06-13
10;maroon Forward;95582;Ethiopia envisioneer fuchsia;2021-06-14
